"Horse Name","Profile URL","Total Runs"
"Diplomatic Ash (IRE)","https://www.skysports.com/racing/form-profiles/horse/1287746/diplomatic-ash-ire","10"
"Broughshane (IRE)","https://www.skysports.com/racing/form-profiles/horse/1232325/broughshane-ire","9"
"Miss Goldfire (IRE)","https://www.skysports.com/racing/form-profiles/horse/1241370/miss-goldfire-ire","9"
"Ramalamadingdong","https://www.skysports.com/racing/form-profiles/horse/1328263/ramalamadingdong","5"
"Barra Blue","https://www.skysports.com/racing/form-profiles/horse/1293776/barra-blue","10"
"Lyness Dancer","https://www.skysports.com/racing/form-profiles/horse/1329674/lyness-dancer","5"
"Happy Returns","https://www.skysports.com/racing/form-profiles/horse/1182079/happy-returns","11"
"Soigneux Bell (FR)","https://www.skysports.com/racing/form-profiles/horse/1254109/soigneux-bell-fr","6"
"Kingston Bresil","https://www.skysports.com/racing/form-profiles/horse/1310260/kingston-bresil","6"
"What's One More (IRE)","https://www.skysports.com/racing/form-profiles/horse/1281634/whats-one-more-ire","7"
"Tea And Chats (IRE)","https://www.skysports.com/racing/form-profiles/horse/1231966/tea-and-chats-ire","9"
"Low Expectations (IRE)","https://www.skysports.com/racing/form-profiles/horse/1321699/low-expectations-ire","5"
"Little Lady Lucy (IRE)","https://www.skysports.com/racing/form-profiles/horse/1282815/little-lady-lucy-ire","6"
"Storming Nelson (IRE)","https://www.skysports.com/racing/form-profiles/horse/1281939/storming-nelson-ire","9"
"Demoiselle Kap (FR)","https://www.skysports.com/racing/form-profiles/horse/1187906/demoiselle-kap-fr","5"
"Royal King (FR)","https://www.skysports.com/racing/form-profiles/horse/1295791/royal-king-fr","6"
"Koenigsstern (IRE)","https://www.skysports.com/racing/form-profiles/horse/1283539/koenigsstern-ire","10"
"Jolyjump (FR)","https://www.skysports.com/racing/form-profiles/horse/1284570/jolyjump-fr","11"
"Constant Friday (IRE)","https://www.skysports.com/racing/form-profiles/horse/1181441/constant-friday-ire","11"
"It's A Love Thing","https://www.skysports.com/racing/form-profiles/horse/1137558/its-a-love-thing","4"
"Muhib","https://www.skysports.com/racing/form-profiles/horse/1321190/muhib","5"
"Desiderata (IRE)","https://www.skysports.com/racing/form-profiles/horse/1296736/desiderata-ire","7"
"Stoneacre (IRE)","https://www.skysports.com/racing/form-profiles/horse/1328030/stoneacre-ire","7"
"Posh Maisie (IRE)","https://www.skysports.com/racing/form-profiles/horse/1290638/posh-maisie-ire","11"
"Cuban Fiesta","https://www.skysports.com/racing/form-profiles/horse/1255708/cuban-fiesta","11"
"Shaz","https://www.skysports.com/racing/form-profiles/horse/1287955/shaz","4"
"Cuan","https://www.skysports.com/racing/form-profiles/horse/1301102/cuan","5"
"Rushmount (IRE)","https://www.skysports.com/racing/form-profiles/horse/1280191/rushmount-ire","6"
"Machismo (IRE)","https://www.skysports.com/racing/form-profiles/horse/1291685/machismo-ire","9"
"Crossing The Bar (IRE)","https://www.skysports.com/racing/form-profiles/horse/1037475/crossing-the-bar-ire","6"
"Lady Of The Locke (IRE)","https://www.skysports.com/racing/form-profiles/horse/1296440/lady-of-the-locke-ire","7"
"Arion Soldier (IRE)","https://www.skysports.com/racing/form-profiles/horse/1278728/arion-soldier-ire","5"
"I See The Sea (IRE)","https://www.skysports.com/racing/form-profiles/horse/1281622/i-see-the-sea-ire","9"
"Paddy In The Caddy (IRE)","https://www.skysports.com/racing/form-profiles/horse/1289094/paddy-in-the-caddy-ire","11"
"Centara (IRE)","https://www.skysports.com/racing/form-profiles/horse/1246517/centara-ire","10"
"Fox Wallace (IRE)","https://www.skysports.com/racing/form-profiles/horse/1276559/fox-wallace-ire","10"
"Siam Park (IRE)","https://www.skysports.com/racing/form-profiles/horse/1278863/siam-park-ire","9"
"Saladins Son (IRE)","https://www.skysports.com/racing/form-profiles/horse/1245908/saladins-son-ire","10"
"Regatta De Blanc","https://www.skysports.com/racing/form-profiles/horse/1289704/regatta-de-blanc","8"
"Jongleur D'etoiles (FR)","https://www.skysports.com/racing/form-profiles/horse/1253911/jongleur-detoiles-fr","12"
"Howaya Now (IRE)","https://www.skysports.com/racing/form-profiles/horse/1231172/howaya-now-ire","11"
"Saunton Surf (IRE)","https://www.skysports.com/racing/form-profiles/horse/1254808/saunton-surf-ire","10"
"Eileen's Milan (IRE)","https://www.skysports.com/racing/form-profiles/horse/1302922/eileens-milan-ire","7"
"Just Aidan (IRE)","https://www.skysports.com/racing/form-profiles/horse/1290043/just-aidan-ire","11"
"Saisissante (IRE)","https://www.skysports.com/racing/form-profiles/horse/1207145/saisissante-ire","6"
"Feet On The Ground (IRE)","https://www.skysports.com/racing/form-profiles/horse/1330130/feet-on-the-ground-ire","4"
"Coco Brave (IRE)","https://www.skysports.com/racing/form-profiles/horse/1279589/coco-brave-ire","7"
"Janespriceless","https://www.skysports.com/racing/form-profiles/horse/1130878/janespriceless","4"
"Benville Bridge","https://www.skysports.com/racing/form-profiles/horse/1194861/benville-bridge","8"
